handle;titel;merk;type;geen_seo_titel;geen_meta_description;seo_titel_len;woorden_beschrijving;afbeeldingen;afb_zonder_alt;niet_in_publieke_collectie;voorraad_0;handle_kopie_suffix;url
houten-honinglepel;Houten Honinglepel;Arelo;;ja;ja;;0;1;1;;;;https://tanterie.nl/products/houten-honinglepel
thee-ei-hartvorm-met-uitlekschaaltje;Thee-ei - Hartvorm met uitlekschaaltje;Arelo;Theezeefje;ja;ja;;58;5;;;;;https://tanterie.nl/products/thee-ei-hartvorm-met-uitlekschaaltje
best-friend;BEST FRIEND;Blond Amsterdam;;ja;ja;;75;1;1;;;;https://tanterie.nl/products/best-friend
congratulations-party;CONGRATULATIONS PARTY;Blond Amsterdam;;ja;ja;;108;1;1;;;;https://tanterie.nl/products/congratulations-party
cozy-days-light-house-stepped-gable-cozy;COZY DAYS: LIGHT HOUSE STEPPED GABLE COZY;Blond Amsterdam;;ja;ja;;90;1;1;;ja;;https://tanterie.nl/products/cozy-days-light-house-stepped-gable-cozy
dad-1;DAD;Blond Amsterdam;;;;15;147;1;;;ja;ja;https://tanterie.nl/products/dad-1
ed-bord-18-cm-tompouce;ED: BORD 18 CM TOMPOUCE;Blond Amsterdam;;ja;ja;;191;1;1;;;;https://tanterie.nl/products/ed-bord-18-cm-tompouce
ed-plate-18-cm-croissant;ED: PLATE 18 CM CROISSANT;Blond Amsterdam;;;;33;0;1;;;;;https://tanterie.nl/products/ed-plate-18-cm-croissant
game-on;GAME ON;Blond Amsterdam;;ja;ja;;89;1;1;;;;https://tanterie.nl/products/game-on
i-do;I DO;Blond Amsterdam;;ja;ja;;158;1;1;;;;https://tanterie.nl/products/i-do
love-green-girl;LOVE GREEN GIRL;Blond Amsterdam;;;;27;0;1;;;;;https://tanterie.nl/products/love-green-girl
mama;MAMA;Blond Amsterdam;;ja;ja;;81;1;1;;;;https://tanterie.nl/products/mama
miss-brains;MISS BRAINS;Blond Amsterdam;;ja;ja;;108;1;1;;;;https://tanterie.nl/products/miss-brains
miss-creativity;MISS CREATIVITY;Blond Amsterdam;;ja;ja;;68;1;1;;;;https://tanterie.nl/products/miss-creativity
opa;OPA;Blond Amsterdam;;;;47;59;1;;ja;;;https://tanterie.nl/products/opa
the-man;THE MAN;Blond Amsterdam;;ja;ja;;98;1;1;;;;https://tanterie.nl/products/the-man
alfabet-mok;Alfabet mok;Bunzlau Castle;Keramiek;;;40;16;43;;;ja;;https://tanterie.nl/products/alfabet-mok
bewaarblik-rechthoekig-flowerbed-19x15-cm;Bewaarblik Rechthoekig Flowerbed 19x15 cm;Bunzlau Castle;Koekblik;;;53;32;1;;;;;https://tanterie.nl/products/bewaarblik-rechthoekig-flowerbed-19x15-cm
boeren-mok-240-ml;Boeren mok 240 ml;Bunzlau Castle;Keramiek;;;46;18;64;;;;;https://tanterie.nl/products/boeren-mok-240-ml
boeren-mok-370-ml;Boeren mok  370 ml;Bunzlau Castle;Keramiek;;;46;18;59;;;;;https://tanterie.nl/products/boeren-mok-370-ml
boeren-mok-500-ml;Boeren Mok 500 ml;Bunzlau Castle;Keramiek;;;46;18;40;;;;;https://tanterie.nl/products/boeren-mok-500-ml
boeren-mok-90-ml;Boeren Mok 90 ml;Bunzlau Castle;Keramiek;;;45;18;9;;;ja;;https://tanterie.nl/products/boeren-mok-90-ml
bord-diep-o-21-cm;Bord Diep Ø: 21 cm;Bunzlau Castle;Keramiek;;;44;19;12;;;ja;;https://tanterie.nl/products/bord-diep-o-21-cm
bord-o-23-5-cm;Bord Ø: 23,5 cm;Bunzlau Castle;Keramiek;;;41;19;35;;;;;https://tanterie.nl/products/bord-o-23-5-cm
diep-bord-o-23-5-cm;Diep bord Ø: 23,5 cm;Bunzlau Castle;Keramiek;;;46;20;44;;;;;https://tanterie.nl/products/diep-bord-o-23-5-cm
dinerbord-o-25-5-cm-1;Dinerbord Ø: 25,5 cm;Bunzlau Castle;Keramiek;;;46;19;52;;;;ja;https://tanterie.nl/products/dinerbord-o-25-5-cm-1
eierdopje;Eierdopje;Bunzlau Castle;Keramiek;;;38;15;48;;;;;https://tanterie.nl/products/eierdopje
gebaksbord-o-16-cm-1;Gebaksbord Ø: 16 cm;Bunzlau Castle;Keramiek;;;45;18;65;;;;ja;https://tanterie.nl/products/gebaksbord-o-16-cm-1
gewelfde-kom-220-ml-1;Gewelfde Kom 220 ml;Bunzlau Castle;Keramiek;;;48;18;47;;;;ja;https://tanterie.nl/products/gewelfde-kom-220-ml-1
keukenpot-bloempot-o-14-cm;Keukenpot / Bloempot Ø 14 cm;Bunzlau Castle;Keramiek;;;53;19;8;;;;;https://tanterie.nl/products/keukenpot-bloempot-o-14-cm
kom-150-ml;Kom 150 ml;Bunzlau Castle;Keramiek;;;39;17;35;;;;;https://tanterie.nl/products/kom-150-ml
kom-250-ml;Kom 250 ml;Bunzlau Castle;Keramiek;;;39;17;44;;;;;https://tanterie.nl/products/kom-250-ml
kom-450-ml;Kom 450 ml;Bunzlau Castle;Keramiek;;;39;17;44;;;;;https://tanterie.nl/products/kom-450-ml
kom-50-ml;Kom 50 ml;Bunzlau Castle;Keramiek;ja;ja;;0;7;;ja;;;https://tanterie.nl/products/kom-50-ml
kom-800-ml;Kom 800 ml;Bunzlau Castle;Keramiek;;;39;17;45;;;;;https://tanterie.nl/products/kom-800-ml
kom-premium-350-ml;Kom Premium 350 ml;Bunzlau Castle;Keramiek;;;47;18;25;;;;;https://tanterie.nl/products/kom-premium-350-ml
kop-en-schotel-170-ml;Kop en Schotel 170 ml;Bunzlau Castle;Keramiek;;;50;19;19;;;ja;;https://tanterie.nl/products/kop-en-schotel-170-ml
kop-en-schotel-230-ml;Kop en Schotel 230 ml;Bunzlau Castle;Keramiek;;;50;19;20;;;ja;;https://tanterie.nl/products/kop-en-schotel-230-ml
melamine-beker-1;Melamine Beker;Bunzlau Castle;Melamine;;;26;0;4;;ja;;ja;https://tanterie.nl/products/melamine-beker-1
melamine-bord-blooming-o-25-cm;Melamine Bord Blooming Ø: 25 cm;Bunzlau Castle;Melamine;ja;ja;;26;1;;;;;https://tanterie.nl/products/melamine-bord-blooming-o-25-cm
melamine-bord-dragonfly-garden-o-25-cm;Melamine Bord Dragonfly Garden Ø: 25 cm;Bunzlau Castle;Melamine;ja;ja;;27;1;;;;;https://tanterie.nl/products/melamine-bord-dragonfly-garden-o-25-cm
melamine-bord-fleur-fountain-o-25-cm;Melamine Bord Fleur Fountain Ø: 25 cm;Bunzlau Castle;Keramiek;ja;ja;;27;1;;;;;https://tanterie.nl/products/melamine-bord-fleur-fountain-o-25-cm
melamine-bord-wild-flowers-o-25-cm;Melamine Bord Wild Flowers Ø: 25 cm;Bunzlau Castle;Melamine;ja;ja;;27;1;;;;;https://tanterie.nl/products/melamine-bord-wild-flowers-o-25-cm
melamine-kom-fleur-fountain-o-15-cm;Melamine Kom Fleur Fountain Ø: 15 cm;Bunzlau Castle;Melamine;ja;ja;;0;1;;;ja;;https://tanterie.nl/products/melamine-kom-fleur-fountain-o-15-cm
melamine-kom-wild-flowers-o-15-cm;Melamine Kom Wild Flowers Ø: 15 cm;Bunzlau Castle;Melamine;ja;ja;;0;1;;;ja;;https://tanterie.nl/products/melamine-kom-wild-flowers-o-15-cm
melk-mok-230-ml;Melk Mok 230 ml;Bunzlau Castle;Keramiek;;;27;0;2;;;;;https://tanterie.nl/products/melk-mok-230-ml
melkkan-180-ml;Melkkan 180 ml;Bunzlau Castle;Keramiek;;;43;17;26;;;;;https://tanterie.nl/products/melkkan-180-ml
mok-met-oor-340-ml;Mok met Oor 340 ml;Bunzlau Castle;Keramiek;;;47;19;43;;;;;https://tanterie.nl/products/mok-met-oor-340-ml
mok-tumbler-100-ml;Mok Tumbler 100 ml;Bunzlau Castle;Keramiek;;;47;18;45;;;ja;;https://tanterie.nl/products/mok-tumbler-100-ml
mok-tumbler-220-ml;Mok Tumbler 220 ml;Bunzlau Castle;Keramiek;;;47;18;57;;;;;https://tanterie.nl/products/mok-tumbler-220-ml
mok-tumbler-240-ml-1;Mok Tumbler 240 ml;Bunzlau Castle;Keramiek;;;47;18;41;;;ja;ja;https://tanterie.nl/products/mok-tumbler-240-ml-1
mok-tumbler-350-ml;Mok Tumbler 350 ml;Bunzlau Castle;Keramiek;;;47;18;15;;;;;https://tanterie.nl/products/mok-tumbler-350-ml
ontbijtbord-o-20-cm;Ontbijtbord Ø: 20 cm;Bunzlau Castle;Keramiek;;;46;18;60;;;;;https://tanterie.nl/products/ontbijtbord-o-20-cm
ovale-schaal;Ovale schaal;Bunzlau Castle;Keramiek;;;41;16;26;;;;;https://tanterie.nl/products/ovale-schaal
ovenschaal-met-handvaten-1200-ml;Ovenschaal met Handvaten  1200 ml;Bunzlau Castle;Keramiek;;;61;19;10;;;;;https://tanterie.nl/products/ovenschaal-met-handvaten-1200-ml
ovenschaal-rechthoekig-1880-ml;Ovenschaal Rechthoekig 1880 ml;Bunzlau Castle;Keramiek;;;59;18;38;;;;;https://tanterie.nl/products/ovenschaal-rechthoekig-1880-ml
ovenschaal-rechthoekig-2850-ml;Ovenschaal Rechthoekig 2850 ml;Bunzlau Castle;Keramiek;;;59;18;15;;;ja;;https://tanterie.nl/products/ovenschaal-rechthoekig-2850-ml
ovenschaal-vierkant-1550-ml;Ovenschaal Vierkant 1550 ml;Bunzlau Castle;Keramiek;;;56;18;27;;;;;https://tanterie.nl/products/ovenschaal-vierkant-1550-ml
ovenschaal-vierkant-3200-ml;Ovenschaal Vierkant 3200 ml;Bunzlau Castle;Keramiek;ja;ja;;18;15;;;ja;;https://tanterie.nl/products/ovenschaal-vierkant-3200-ml
pastabord-o-25-cm;Pastabord Ø 25 cm;Bunzlau Castle;Keramiek;ja;ja;;0;1;;ja;ja;;https://tanterie.nl/products/pastabord-o-25-cm
petit-four-o-12-3-cm;Petit Four ø 12,3 cm;Bunzlau Castle;Keramiek;;;47;20;57;;;;;https://tanterie.nl/products/petit-four-o-12-3-cm
ramekin-kom-190-ml;Ramekin kom 190 ml;Bunzlau Castle;Keramiek;;;47;18;40;;;;;https://tanterie.nl/products/ramekin-kom-190-ml
rechte-mok-160-ml;Rechte mok 160 ml;Bunzlau Castle;Keramiek;;;46;18;47;;;;;https://tanterie.nl/products/rechte-mok-160-ml
rechte-mok-250-ml;Rechte mok 250 ml;Bunzlau Castle;Keramiek;;;46;18;48;;;;;https://tanterie.nl/products/rechte-mok-250-ml
rijstkom-300-ml;Rijstkom 300 ml;Bunzlau Castle;Keramiek;ja;ja;;17;51;;;;;https://tanterie.nl/products/rijstkom-300-ml
rijstkom-500-ml;Rijstkom 500 ml;Bunzlau Castle;Keramiek;ja;ja;;17;45;;;;;https://tanterie.nl/products/rijstkom-500-ml
rijstkom-600-ml;Rijstkom 600 ml;Bunzlau Castle;Keramiek;;;27;17;46;;;;;https://tanterie.nl/products/rijstkom-600-ml
rode-wijnglas-bubble-460-ml;Rode wijnglas Bubble 460 ml;Bunzlau Castle;Glaswerk;ja;ja;;41;1;;;;;https://tanterie.nl/products/rode-wijnglas-bubble-460-ml
rode-wijnglas-summer-breeze-460-ml;Rode wijnglas Summer Breeze 460 ml;Bunzlau Castle;Glaswerk;;;63;41;1;;;;;https://tanterie.nl/products/rode-wijnglas-summer-breeze-460-ml
schotel-rechthoek-1;Schotel Rechthoek;Bunzlau Castle;Keramiek;;;46;16;43;;;;ja;https://tanterie.nl/products/schotel-rechthoek-1
serveerschaal-100-ml;Serveerschaal 100 ml;Bunzlau Castle;Keramiek;ja;ja;;0;1;;;ja;;https://tanterie.nl/products/serveerschaal-100-ml
servetten-garden-delight;Servetten - Garden Delight;Bunzlau Castle;Servetten;;;53;11;1;;;;;https://tanterie.nl/products/servetten-garden-delight
soepkom-360-ml;Soepkom 360 ml;Bunzlau Castle;Keramiek;;;43;17;44;;;;;https://tanterie.nl/products/soepkom-360-ml
soepkom-440-ml;Soepkom 440 ml;Bunzlau Castle;Keramiek;;;43;17;16;;;;;https://tanterie.nl/products/soepkom-440-ml
suikerpot-200-ml;Suikerpot 200 ml;Bunzlau Castle;Keramiek;;;45;17;22;;;;;https://tanterie.nl/products/suikerpot-200-ml
theelepel;Theelepel;Bunzlau Castle;Keramiek;ja;ja;;15;41;;;ja;;https://tanterie.nl/products/theelepel
theelepel-hart;Theelepel Hart;Bunzlau Castle;Keramiek;ja;ja;;16;7;;;;;https://tanterie.nl/products/theelepel-hart
theemuts-ruit;Theemuts Ruit;Bunzlau Castle;Keramiek;ja;ja;;17;1;;;;;https://tanterie.nl/products/theemuts-ruit
theemuts-streep;Theemuts Streep;Bunzlau Castle;;ja;ja;;17;1;;;;;https://tanterie.nl/products/theemuts-streep
theepot-1300-ml;Theepot 1300 ml;Bunzlau Castle;Keramiek;;;44;17;45;;;;;https://tanterie.nl/products/theepot-1300-ml
theepot-2000-ml;Theepot 2000 ml;Bunzlau Castle;Keramiek;ja;ja;;17;26;;;;;https://tanterie.nl/products/theepot-2000-ml
theestoof-voor-theepot-1300-amp-2000-ml;Theestoof voor theepot 1300 & 2000 ml;Bunzlau Castle;Keramiek;;;67;20;41;;;;;https://tanterie.nl/products/theestoof-voor-theepot-1300-amp-2000-ml
theetip-hart;Theetip Hart;Bunzlau Castle;Keramiek;ja;ja;;16;43;;;ja;;https://tanterie.nl/products/theetip-hart
theetip-rond;Theetip Rond;Bunzlau Castle;Keramiek;;;41;16;63;;;;;https://tanterie.nl/products/theetip-rond
theetip-theepot;Theetip Theepot;Bunzlau Castle;Keramiek;;;44;16;38;;;ja;;https://tanterie.nl/products/theetip-theepot
tulp-mok-330-ml;Tulp mok 330 ml;Bunzlau Castle;Keramiek;;;44;18;88;;;;;https://tanterie.nl/products/tulp-mok-330-ml
tulp-mok-500-ml-3;Tulp mok 500 ml;Bunzlau Castle;Keramiek;;;44;18;39;;;;ja;https://tanterie.nl/products/tulp-mok-500-ml-3
tulp-mok-70-ml;Tulp mok 70 ml;Bunzlau Castle;Keramiek;;;43;18;43;;;;;https://tanterie.nl/products/tulp-mok-70-ml
vaas-1600-ml;Vaas 1600 ml;Bunzlau Castle;Keramiek;;;41;17;15;;;;;https://tanterie.nl/products/vaas-1600-ml
vaas-2100-ml;Vaas 2100 ml;Bunzlau Castle;Keramiek;;;41;17;21;;;;;https://tanterie.nl/products/vaas-2100-ml
vaas-4400-ml;Vaas 4400 ml;Bunzlau Castle;Keramiek;;;41;17;18;;;;;https://tanterie.nl/products/vaas-4400-ml
vierkante-kom-170-ml;Vierkante kom 170 ml;Bunzlau Castle;Keramiek;ja;ja;;18;30;;;;;https://tanterie.nl/products/vierkante-kom-170-ml
water-scoop-400-ml;Water Scoop 400 ml;Bunzlau Castle;Keramiek;;;47;18;28;;;;;https://tanterie.nl/products/water-scoop-400-ml
waterglas-bubble-300-ml;Waterglas Bubble 300 ml;Bunzlau Castle;Glaswerk;ja;ja;;41;1;;;;;https://tanterie.nl/products/waterglas-bubble-300-ml
waterglas-summer-breeze-300-ml;Waterglas Summer Breeze 300 ml;Bunzlau Castle;Glaswerk;;;59;41;1;;;ja;;https://tanterie.nl/products/waterglas-summer-breeze-300-ml
witte-wijnglas-bubble-350-ml;Witte wijnglas Bubble 350 ml;Bunzlau Castle;Glaswerk;ja;ja;;41;1;;;;;https://tanterie.nl/products/witte-wijnglas-bubble-350-ml
witte-wijnglas-summer-breeze-350-ml;Witte wijnglas Summer Breeze 350 ml;Bunzlau Castle;Glaswerk;;;64;41;1;;;ja;;https://tanterie.nl/products/witte-wijnglas-summer-breeze-350-ml
maak-je-eigen-theemix-theepakket-holland-heritage;Maak je eigen theemix Theepakket Holland Heritage;Dutch Tea Maestro;Maak je eigen theemix;;;62;485;13;;;;;https://tanterie.nl/products/maak-je-eigen-theemix-theepakket-holland-heritage
lavendel;Lavendel;Geels;Losse thee;;;64;0;1;;;;;https://tanterie.nl/products/lavendel
mama-baby-thee;Mama & Baby Thee;Geels;Losse thee;;;64;122;1;;;;;https://tanterie.nl/products/mama-baby-thee
wit-thee-bewaarblik-100-gram;Wit thee bewaarblik (100 gram);Havelaar;;;;60;43;2;;;;;https://tanterie.nl/products/wit-thee-bewaarblik-100-gram
zilver-thee-bewaarblik-100-gram;Zilver thee bewaarblik (100 gram);Havelaar;;;;63;42;2;;;;;https://tanterie.nl/products/zilver-thee-bewaarblik-100-gram
zwart-thee-bewaarblik-100-gram;Zwart thee bewaarblik (100 gram);Havelaar;;;;58;43;2;;;;;https://tanterie.nl/products/zwart-thee-bewaarblik-100-gram
waterfles-bosvogels-geisoleerd-rvs;Waterfles Bosvogels;Heinen Delfts Blauw;;;;57;23;3;;;ja;;https://tanterie.nl/products/waterfles-bosvogels-geisoleerd-rvs
waterfles-bosvogels-roze;Waterfles Bosvogels Roze;Heinen Delfts Blauw;;;;51;20;3;;;;;https://tanterie.nl/products/waterfles-bosvogels-roze
waterfles-de-blauwe-fiets;Waterfles De Blauwe Fiets;Heinen Delfts Blauw;;;;37;19;2;;;;;https://tanterie.nl/products/waterfles-de-blauwe-fiets
waterfles-delfts-blauw;Waterfles Delfts Blauw;Heinen Delfts Blauw;;;;34;26;3;;;;;https://tanterie.nl/products/waterfles-delfts-blauw
waterfles-grachtenpanden;Waterfles Grachtenpanden;Heinen Delfts Blauw;;;;42;19;3;;;ja;;https://tanterie.nl/products/waterfles-grachtenpanden
joeff-kaarthouder;Kaarthouder TOON;Joeff;;;;36;84;1;1;;;;https://tanterie.nl/products/joeff-kaarthouder
joeff-kunstbloem-vaasje;Kunstbloem vaasje;Joeff;;;;53;107;1;1;;;;https://tanterie.nl/products/joeff-kunstbloem-vaasje
kaarthouderschakels;Kaarthouderschakels;Joeff;;;;44;53;1;1;;;;https://tanterie.nl/products/kaarthouderschakels
kunstbloemschakel;Kunstbloemschakel;Joeff;;;;43;40;1;;;;;https://tanterie.nl/products/kunstbloemschakel
ledkaars-schakel;Ledkaars schakel;Joeff;;;;41;55;1;1;;;;https://tanterie.nl/products/ledkaars-schakel
tegeltje-kunsthouderschakel;Tegeltje kunstschakel;Joeff;;;;48;50;1;1;;;;https://tanterie.nl/products/tegeltje-kunsthouderschakel
tentoonstellingshaakje;Tentoonstellingshaakje;Joeff;;;;48;60;1;1;;;;https://tanterie.nl/products/tentoonstellingshaakje
autoparfum-koning-van-de-snelweg;Autoparfum - koning van de snelweg;Natural Flower Cards;;ja;ja;;32;2;;;;;https://tanterie.nl/products/autoparfum-koning-van-de-snelweg
autoparfum-superbedankt;Autoparfum - superbedankt;Natural Flower Cards;;;;37;27;2;;;;;https://tanterie.nl/products/autoparfum-superbedankt
geurstokje-gefeliciteerd;Geurstokje - Gefeliciteerd;Natural Flower Cards;;ja;ja;;21;2;;;ja;;https://tanterie.nl/products/geurstokje-gefeliciteerd
geurstokje-hoera;Geurstokje - Dankjewel;Natural Flower Cards;;;;34;21;1;;;ja;;https://tanterie.nl/products/geurstokje-hoera
geurstokje-liefs;Geurstokje - Een warme groet;Natural Flower Cards;;;;40;23;1;;;ja;;https://tanterie.nl/products/geurstokje-liefs
geurstokje-superbedankt;Geurstokje - Voor jou;Natural Flower Cards;;ja;ja;;22;1;;;ja;;https://tanterie.nl/products/geurstokje-superbedankt
kaars-liefs-1;Kaars liefs;Natural Flower Cards;;;;23;17;1;;;;ja;https://tanterie.nl/products/kaars-liefs-1
thee-en-een-mooi-gesprek-hey-theetje-doen;Thee en een mooi gesprek - hey, theetje doen?;Natural Flower Cards;;;;57;30;1;;;ja;;https://tanterie.nl/products/thee-en-een-mooi-gesprek-hey-theetje-doen
thee-en-een-mooi-gesprek-hoera;Thee en een mooi gesprek - hoera;Natural Flower Cards;;ja;ja;;28;1;;;ja;;https://tanterie.nl/products/thee-en-een-mooi-gesprek-hoera
thee-en-een-mooi-gesprek-liefs;Thee en een mooi gesprek - liefs;Natural Flower Cards;;;;44;28;1;;;ja;;https://tanterie.nl/products/thee-en-een-mooi-gesprek-liefs
thee-en-een-mooi-gesprek-warme-groet;Thee en een mooi gesprek - warme groet;Natural Flower Cards;;ja;ja;;30;1;;;ja;;https://tanterie.nl/products/thee-en-een-mooi-gesprek-warme-groet
theelepel-bolvorm;Theelepel bolvorm;Natural Flower Cards;;ja;ja;;21;2;;;;;https://tanterie.nl/products/theelepel-bolvorm
theelepel-lang-goud-of-zilver;Theelepel lang - goud of zilver;Natural Flower Cards;;;;43;39;2;;;ja;;https://tanterie.nl/products/theelepel-lang-goud-of-zilver
tijd-voor-thee-bedankt;Tijd voor thee - Bedankt;Natural Flower Cards;;ja;ja;;17;2;;;ja;;https://tanterie.nl/products/tijd-voor-thee-bedankt
tijd-voor-thee-dankjewel;Tijd voor thee - Dankjewel;Natural Flower Cards;;ja;ja;;17;1;;;ja;;https://tanterie.nl/products/tijd-voor-thee-dankjewel
tijd-voor-thee-gefeliciteerd;Tijd voor thee - Gefeliciteerd;Natural Flower Cards;;ja;ja;;17;1;;;ja;;https://tanterie.nl/products/tijd-voor-thee-gefeliciteerd
tijd-voor-thee-hartje;Tijd voor thee - hartje;Natural Flower Cards;;;;35;19;2;;;;;https://tanterie.nl/products/tijd-voor-thee-hartje
tijd-voor-thee-jij-bent-goud-waard;Tijd voor thee - jij bent goud waard;Natural Flower Cards;;ja;ja;;20;2;;;;;https://tanterie.nl/products/tijd-voor-thee-jij-bent-goud-waard
tijd-voor-thee-koker-dankjewelthee;Tijd voor thee koker - Dankjewelthee;Natural Flower Cards;;;;48;20;1;;;;;https://tanterie.nl/products/tijd-voor-thee-koker-dankjewelthee
tijd-voor-thee-koker-gefelicithee;Tijd voor thee koker - Gefelicithee;Natural Flower Cards;;;;47;18;1;;;ja;;https://tanterie.nl/products/tijd-voor-thee-koker-gefelicithee
tijd-voor-thee-koker-liefs;Tijd voor thee koker - Liefs;Natural Flower Cards;;;;40;19;1;;;;;https://tanterie.nl/products/tijd-voor-thee-koker-liefs
tijd-voor-thee-lieve-zus;Tijd voor thee - lieve zus;Natural Flower Cards;;ja;ja;;20;2;;;;;https://tanterie.nl/products/tijd-voor-thee-lieve-zus
tijd-voor-thee-nieuw-huis;Tijd voor thee - nieuw huis;Natural Flower Cards;;ja;ja;;25;1;;;ja;;https://tanterie.nl/products/tijd-voor-thee-nieuw-huis
tijd-voor-thee-veel-liefs;Tijd voor thee - veel liefs;Natural Flower Cards;;ja;ja;;18;1;;;ja;;https://tanterie.nl/products/tijd-voor-thee-veel-liefs
pineut-cake-pouchbag-lemon-poppy-cake;Pineut Cake | Pouchbag | Lemon Poppy Cake;Pineut;;ja;ja;;94;2;2;;;;https://tanterie.nl/products/pineut-cake-pouchbag-lemon-poppy-cake
pineut-cake-pouchbag-lemon-poppy-cake-kopie;Pineut Cake | Jar | Passionfruit Martini Cake;Pineut;;ja;ja;;131;1;1;;;ja;https://tanterie.nl/products/pineut-cake-pouchbag-lemon-poppy-cake-kopie
pineut-watertwist-carafe-citrus-mint-verbena-kopie;Pineut Watertwist | Carafe | Sangria Red Wine BIO;Pineut;;;;57;137;2;;;;ja;https://tanterie.nl/products/pineut-watertwist-carafe-citrus-mint-verbena-kopie
pineut-watertwist-carafe-iced-tea-mango-green-tea-kopie;Pineut Cocktail | Bottle | Limoncello BIO;Pineut;;;;53;158;1;;;;ja;https://tanterie.nl/products/pineut-watertwist-carafe-iced-tea-mango-green-tea-kopie
pineut-watertwist-carafe-sangria-red-wine-bio-kopie;Pineut Watertwist | Carafe | Iced Tea Mango Green Tea;Pineut;;;;55;110;2;;;;ja;https://tanterie.nl/products/pineut-watertwist-carafe-sangria-red-wine-bio-kopie
pineut-watertwist-carafe-strawberry-hibiscus-kopie;Pineut Watertwist | Carafe | Citrus Mint Verbena;Pineut;;;;60;114;2;;;;ja;https://tanterie.nl/products/pineut-watertwist-carafe-strawberry-hibiscus-kopie
theeblik-100-gram-sanderson-chinoiserie-hall;Theeblik 100 gram Sanderson Chinoiserie Hall;Sanderson;Theeblik;ja;ja;;65;1;;;;;https://tanterie.nl/products/theeblik-100-gram-sanderson-chinoiserie-hall
theeblik-100-gram-sara-miller-chelsea-roze;Theeblik 100 gram Sara Miller Chelsea - Roze;Sara Miller London;Theeblik;ja;ja;;59;1;;;;;https://tanterie.nl/products/theeblik-100-gram-sara-miller-chelsea-roze
theeblik-100-gram-sara-miller-filigree;Theeblik 100 gram Sara Miller Filigree;Sara Miller London;Theeblik;ja;ja;;59;1;;;;;https://tanterie.nl/products/theeblik-100-gram-sara-miller-filigree
theeblik-100-gram-sara-miller-green-birds;Theeblik 100 gram Sara Miller Green Birds;Sara Miller London;Theeblik;ja;ja;;61;1;;;ja;;https://tanterie.nl/products/theeblik-100-gram-sara-miller-green-birds
theeblik-100-gram-sara-miller-haveli-paars;Theeblik 100 gram Sara Miller Haveli - Paars;Sara Miller London;Theeblik;ja;ja;;59;1;;;ja;;https://tanterie.nl/products/theeblik-100-gram-sara-miller-haveli-paars
aardbeien;Aardbeien;Tante Rie;Losse thee;;;56;36;1;;;;;https://tanterie.nl/products/aardbeien
alle-tijd;Alle Tijd;Tante Rie;Losse thee;;;62;50;1;;;;;https://tanterie.nl/products/alle-tijd
appeltaart;Appeltaart;Tante Rie;Losse thee;;;57;34;1;;;;;https://tanterie.nl/products/appeltaart
arts-craft-thee-bewaarblik-100-gram;Arts & Craft thee bewaarblik groen (100 gram);Tante Rie;;;;65;50;2;;;;;https://tanterie.nl/products/arts-craft-thee-bewaarblik-100-gram
arts-craft-thee-bewaarblik-100-gram-1;Arts & Craft thee bewaarblik blauw (100 gram);Tante Rie;;;;65;48;2;;;;ja;https://tanterie.nl/products/arts-craft-thee-bewaarblik-100-gram-1
assam;Assam;Tante Rie;Losse thee;;;66;49;1;;;;;https://tanterie.nl/products/assam
bamboe-lepel;Bamboe lepel;Tante Rie;;;;66;55;1;;;;;https://tanterie.nl/products/bamboe-lepel
beker-coffee-0-35l;Beker Coffee 0,35L;Tante Rie;;ja;ja;;0;2;;ja;;;https://tanterie.nl/products/beker-coffee-0-35l
beker-paarse-bloem;Beker paarse bloem;Tante Rie;;ja;ja;;0;0;;ja;;;https://tanterie.nl/products/beker-paarse-bloem
beker-vogels;Beker vogels;Tante Rie;;ja;ja;;0;0;;ja;;;https://tanterie.nl/products/beker-vogels
blikje-bij;Blikje bij;Tante Rie;;ja;ja;;0;0;;;;;https://tanterie.nl/products/blikje-bij
blikje-herfst;Blikje herfst;Tante Rie;;ja;ja;;0;0;;;;;https://tanterie.nl/products/blikje-herfst
blikje-paarse-bloemen;Blikje paarse bloemen;Tante Rie;;ja;ja;;0;0;;;;;https://tanterie.nl/products/blikje-paarse-bloemen
blikje-paarse-bloemen-rond;Blikje paarse bloemen rond;Tante Rie;;ja;ja;;0;0;;;;;https://tanterie.nl/products/blikje-paarse-bloemen-rond
blikje-vogels;Blikje vogels;Tante Rie;;ja;ja;;0;0;;;;;https://tanterie.nl/products/blikje-vogels
bloedsinaasappel;Bloedsinaasappel;Tante Rie;Losse thee;;;53;48;2;;;;;https://tanterie.nl/products/bloedsinaasappel
booster;Booster (uitlopend);Tante Rie;Losse thee;;;63;91;1;;;;;https://tanterie.nl/products/booster
bornse-zomer;Bonjour!;Tante Rie;Losse thee;;;62;63;1;;;;;https://tanterie.nl/products/bornse-zomer
brandnetel;Brandnetel;Tante Rie;Losse thee;;;48;41;1;;;;;https://tanterie.nl/products/brandnetel
bunzlau-textiel;Bunzlau textiel;Tante Rie;;ja;ja;;0;0;;ja;ja;;https://tanterie.nl/products/bunzlau-textiel
cactus-vijg;Cactus Vijg;Tante Rie;Losse thee;;;61;65;1;;;;;https://tanterie.nl/products/cactus-vijg
cappuccinobeker-0-5l-dier-hond;Cappuccinobeker 0,5l Dier Hond;Tante Rie;;ja;ja;;0;2;;ja;;;https://tanterie.nl/products/cappuccinobeker-0-5l-dier-hond
cappuccinobeker-0-5l-dier-kat;Cappuccinobeker 0,5l Dier Kat;Tante Rie;;ja;ja;;0;2;;ja;;;https://tanterie.nl/products/cappuccinobeker-0-5l-dier-kat
ceylon-op-neluwa;Ceylon OP Neluwa (uitlopend);Tante Rie;Losse thee;;;63;59;1;;;;;https://tanterie.nl/products/ceylon-op-neluwa
china-jasmijn;China Jasmijn;Tante Rie;Losse thee;;;58;44;1;;;ja;;https://tanterie.nl/products/china-jasmijn
china-lapsang-souchon;China Lapsang Souchon;Tante Rie;Losse thee;;;57;36;1;;;;;https://tanterie.nl/products/china-lapsang-souchon
china-sencha-bio-1;China Sencha;Tante Rie;Losse thee;;;64;47;1;;;;ja;https://tanterie.nl/products/china-sencha-bio-1
chinese-lotus;Chinese Lotus;Tante Rie;Losse thee;;;62;65;1;;;;;https://tanterie.nl/products/chinese-lotus
chocoladebal;Chocoladebal;Tante Rie;;ja;ja;;0;0;;ja;ja;;https://tanterie.nl/products/chocoladebal
citrus-betovering;Citrus Betovering;Tante Rie;Losse thee;;;75;68;1;;;;;https://tanterie.nl/products/citrus-betovering
citrus-gember;Citrus Gember;Tante Rie;Losse thee;;;60;31;1;;;;;https://tanterie.nl/products/citrus-gember
coldbrew-theefles-kaki;Coldbrew theefles - Kaki;Tante Rie;;;ja;36;0;1;;ja;;;https://tanterie.nl/products/coldbrew-theefles-kaki
cream-of-ireland;Cream of Ireland;Tante Rie;Losse thee;;;66;45;1;;;;;https://tanterie.nl/products/cream-of-ireland
creme-brulee;Creme Brulee;Tante Rie;Losse thee;;;62;36;1;;;;;https://tanterie.nl/products/creme-brulee
darjeeling-mim;Darjeeling mim;Tante Rie;Losse thee;;;59;47;1;;;;;https://tanterie.nl/products/darjeeling-mim
dorset-thee;Dorset Thee;Tante Rie;Losse thee;;;77;47;1;;;;;https://tanterie.nl/products/dorset-thee
earl-grey-blue-star;Earl Grey Blue Star;Tante Rie;Losse thee;;;68;50;1;;;;;https://tanterie.nl/products/earl-grey-blue-star
elfjesthee;Elfjesthee;Tante Rie;Losse thee;;;65;63;1;;;;;https://tanterie.nl/products/elfjesthee
english-breakfast-1;English Breakfast;Tante Rie;Losse thee;;;53;46;1;;;;ja;https://tanterie.nl/products/english-breakfast-1
exotic-punch;Exotic Punch;Tante Rie;Losse thee;;;73;43;1;;;ja;;https://tanterie.nl/products/exotic-punch
exotisch-groen;Exotisch Groen;Tante Rie;Losse thee;;;64;55;1;;;;;https://tanterie.nl/products/exotisch-groen
festival;Festival;Tante Rie;Losse thee;;;59;47;1;;;;;https://tanterie.nl/products/festival
flowers-theeblik;Flowers thee bewaarblik (100 gram);Tante Rie;;;;60;36;2;;;ja;;https://tanterie.nl/products/flowers-theeblik
frisse-framboos;Frisse Framboos;Tante Rie;Losse thee;;;63;46;1;;;;;https://tanterie.nl/products/frisse-framboos
fruitmand;Fruitmand;Tante Rie;Losse thee;;;61;62;1;;;;;https://tanterie.nl/products/fruitmand
geluksthee;Geluksthee;Tante Rie;Losse thee;;;72;45;1;;;;;https://tanterie.nl/products/geluksthee
gember-chai;Gember Chai;Tante Rie;Losse thee;;;58;43;1;;;;;https://tanterie.nl/products/gember-chai
gemberwortel;Gemberwortel;Tante Rie;Losse thee;;;50;33;1;;;ja;;https://tanterie.nl/products/gemberwortel
green-de-cassis;Green de Cassis;Tante Rie;Losse thee;;;59;48;1;;;;;https://tanterie.nl/products/green-de-cassis
groene-chai;Groene Chai;Tante Rie;Losse thee;;;70;60;1;;;;;https://tanterie.nl/products/groene-chai
groene-citroen;Groene Citroen;Tante Rie;Losse thee;;;58;43;1;;;;;https://tanterie.nl/products/groene-citroen
groene-cranberry;Groene Cranberry;Tante Rie;Losse thee;;;63;55;1;;;;;https://tanterie.nl/products/groene-cranberry
groene-earl-grey;Groene Earl Grey;Tante Rie;Losse thee;;;62;60;1;;;;;https://tanterie.nl/products/groene-earl-grey
groene-meloen;Groene Meloen;Tante Rie;Losse thee;;;67;51;1;;;;;https://tanterie.nl/products/groene-meloen
groene-vanille;Groene Vanille;Tante Rie;Losse thee;;;60;48;1;;;;;https://tanterie.nl/products/groene-vanille
harverwarmer;Hartverwarmer;Tante Rie;Losse thee;;;69;58;1;;;;;https://tanterie.nl/products/harverwarmer
herfstkruiden;Herfstkruiden;Tante Rie;Losse thee;;;74;63;1;;;;;https://tanterie.nl/products/herfstkruiden
hibiscus-thee;Hibiscus thee;Tante Rie;;ja;ja;;0;0;;;;;https://tanterie.nl/products/hibiscus-thee
houten-theeschep;Houten theeschep;Tante Rie;;;;66;49;4;;;;;https://tanterie.nl/products/houten-theeschep
indian-summer;Indian Summer;Tante Rie;Losse thee;;;63;43;1;;;ja;;https://tanterie.nl/products/indian-summer
innerlijke-rust-bio;Innerlijke Rust BIO;Tante Rie;Losse thee;;;68;63;1;;;;;https://tanterie.nl/products/innerlijke-rust-bio
kaneel;Kaneel;Tante Rie;Losse thee;;;58;36;1;;;;;https://tanterie.nl/products/kaneel
kerst-thee;Kerst thee;Tante Rie;Losse thee;;;64;67;1;;;ja;;https://tanterie.nl/products/kerst-thee
kerstrgoetjes;Kerstgroetjes;Tante Rie;Losse thee;;;75;72;1;;;;;https://tanterie.nl/products/kerstrgoetjes
kokos-truffel;Kokos Truffel;Tante Rie;Losse thee;;;67;56;1;;;;;https://tanterie.nl/products/kokos-truffel
kom-15cm-dier-hond;Kom 15cm Dier Hond;Tante Rie;;ja;ja;;0;2;;ja;;;https://tanterie.nl/products/kom-15cm-dier-hond
kom-15cm-dier-kat;Kom 15cm Dier Kat;Tante Rie;;ja;ja;;0;2;;ja;;;https://tanterie.nl/products/kom-15cm-dier-kat
kruiden-chai;Kruiden Chai;Tante Rie;Losse thee;;;67;44;1;;;;;https://tanterie.nl/products/kruiden-chai
kruizemunt-nana-mint;Kruizemunt Nana Mint;Tante Rie;Losse thee;;;63;45;1;;;;;https://tanterie.nl/products/kruizemunt-nana-mint
lapsang-smooth;Lapsang Smooth;Tante Rie;Losse thee;;;56;41;2;;;;;https://tanterie.nl/products/lapsang-smooth
lichthuisje-met-trapgevel-sint-pietenhuis;Lichthuisje met Trapgevel Sint Pietenhuis;Tante Rie;;ja;ja;;0;2;;ja;;;https://tanterie.nl/products/lichthuisje-met-trapgevel-sint-pietenhuis
lichthuisje-trapgevel-halloween-spookhuis;Lichthuisje Trapgevel Halloween Spookhuis;Tante Rie;;ja;ja;;0;2;;ja;;;https://tanterie.nl/products/lichthuisje-trapgevel-halloween-spookhuis
maatschepje;Maatschepje;Tante Rie;;;;66;46;2;;;;;https://tanterie.nl/products/maatschepje
mams-thee;Mams Thee;Tante Rie;Losse thee;;;62;43;1;;;;;https://tanterie.nl/products/mams-thee
marsala-chai;Marsala Chai;Tante Rie;Losse thee;;;70;51;1;;;;;https://tanterie.nl/products/marsala-chai
mazagran-0-5l-oma;Mazagran 0,5l Oma;Tante Rie;;ja;ja;;0;2;;ja;;;https://tanterie.nl/products/mazagran-0-5l-oma
minimok-rode-hartjes-0-2l;Minimok Rode hartjes 0,2L;Tante Rie;;ja;ja;;0;2;;ja;;;https://tanterie.nl/products/minimok-rode-hartjes-0-2l
mooie-dag;Mooie Dag;Tante Rie;Losse thee;;;60;41;1;;;;;https://tanterie.nl/products/mooie-dag
mooie-dromen-bio;Mooie Dromen;Tante Rie;Losse thee;;;73;70;1;;;;;https://tanterie.nl/products/mooie-dromen-bio
nu-niet-storen;Sinaasappel vanille (uitlopend);Tante Rie;Losse thee;;;66;40;1;;;;;https://tanterie.nl/products/nu-niet-storen
opkikkertje;Opkikkertje;Tante Rie;Losse thee;;;69;39;1;;;;;https://tanterie.nl/products/opkikkertje
oud-borne;Oud Borne;Tante Rie;Losse thee;;;44;45;2;;;;;https://tanterie.nl/products/oud-borne
ovaal-bord-27cm-sint-iconen;Ovaal Bord 27cm Sint Iconen;Tante Rie;;ja;ja;;0;2;;ja;;;https://tanterie.nl/products/ovaal-bord-27cm-sint-iconen
ovenwant-even-bijkletsen-kitchen;Ovenwant Even Bijkletsen Kitchen;Tante Rie;;ja;ja;;0;2;;ja;;;https://tanterie.nl/products/ovenwant-even-bijkletsen-kitchen
pina-colada;Pina Colada;Tante Rie;Losse thee;;;67;65;1;;;;;https://tanterie.nl/products/pina-colada
powervrouw;Powervrouw;Tante Rie;Losse thee;;;80;41;1;;;;;https://tanterie.nl/products/powervrouw
proefpakket-groene-thee;Proefpakket Groene Thee;Tante Rie;Cadeau;;;69;39;1;;;;;https://tanterie.nl/products/proefpakket-groene-thee
proefpakket-groene-thee-kopie;Proefpakket Kruidenthee;Tante Rie;Cadeau;;;71;41;1;;;;ja;https://tanterie.nl/products/proefpakket-groene-thee-kopie
proefpakket-kruidenthee-kopie;Proefpakket Rooibos;Tante Rie;Cadeau;;;68;39;1;;;;ja;https://tanterie.nl/products/proefpakket-kruidenthee-kopie
proefpakket-zwarte-thee;Proefpakket Zwarte Thee;Tante Rie;Cadeau;;;69;52;1;;;;;https://tanterie.nl/products/proefpakket-zwarte-thee
red-nose-rudolph;Red Nose Rudolph;Tante Rie;Losse thee;;;66;51;1;;;ja;;https://tanterie.nl/products/red-nose-rudolph
relax;Relax;Tante Rie;;;;58;45;1;;;;;https://tanterie.nl/products/relax
rice-a;Rice A;Tante Rie;;;;18;35;5;;;;;https://tanterie.nl/products/rice-a
rice-b;Rice B;Tante Rie;;;;18;34;6;;;;;https://tanterie.nl/products/rice-b
rice-c;Rice C;Tante Rie;;;;18;30;6;;;;;https://tanterie.nl/products/rice-c
rice-d;Rice D;Tante Rie;;;;18;28;5;;;;;https://tanterie.nl/products/rice-d
rice-e;Rice E;Tante Rie;;;;18;30;5;;;;;https://tanterie.nl/products/rice-e
rice-f;Rice F;Tante Rie;;;;18;27;7;;;;;https://tanterie.nl/products/rice-f
rice-g;Rice G;Tante Rie;;;;18;26;5;;;;;https://tanterie.nl/products/rice-g
rice-h;Rice H;Tante Rie;;;;18;32;5;;;;;https://tanterie.nl/products/rice-h
rice-i;Rice I;Tante Rie;;;;18;25;4;;;;;https://tanterie.nl/products/rice-i
rice-j;Rice J;Tante Rie;;;;18;32;5;;;;;https://tanterie.nl/products/rice-j
rice-k;Rice K;Tante Rie;;;;18;28;4;;;;;https://tanterie.nl/products/rice-k
rice-l;Rice L;Tante Rie;;;;18;32;4;;;;;https://tanterie.nl/products/rice-l
rice-m;Rice M;Tante Rie;;;;18;35;4;;;ja;;https://tanterie.nl/products/rice-m
rice-n;Rice N;Tante Rie;;;;18;31;5;;;;;https://tanterie.nl/products/rice-n
rice-o;Rice O;Tante Rie;;;;18;27;5;;;;;https://tanterie.nl/products/rice-o
rice-p;Rice P;Tante Rie;;;;18;31;7;;;;;https://tanterie.nl/products/rice-p
rice-q;Rice Q;Tante Rie;;ja;ja;;34;2;;;;;https://tanterie.nl/products/rice-q
rice-r;Rice R;Tante Rie;;;;18;25;5;;;;;https://tanterie.nl/products/rice-r
rice-s;Rice S;Tante Rie;;;;18;29;4;;;;;https://tanterie.nl/products/rice-s
rice-t;Rice T;Tante Rie;;;;18;26;6;;;;;https://tanterie.nl/products/rice-t
rice-u;Rice U;Tante Rie;;;;18;28;5;;;;;https://tanterie.nl/products/rice-u
rice-v;Rice V;Tante Rie;;;;18;31;6;;;;;https://tanterie.nl/products/rice-v
rice-w;Rice W;Tante Rie;;;;18;28;4;;;;;https://tanterie.nl/products/rice-w
rice-x;Rice X;Tante Rie;;;;18;31;5;;;;;https://tanterie.nl/products/rice-x
rice-y;Rice Y;Tante Rie;;;;18;29;5;;;;;https://tanterie.nl/products/rice-y
rice-z;Rice Z;Tante Rie;;;;18;34;6;;;;;https://tanterie.nl/products/rice-z
rooibos-amaretto;Rooibos Amaretto;Tante Rie;Losse thee;;;69;64;1;;;;;https://tanterie.nl/products/rooibos-amaretto
rooibos-caramel-room;Rooibos Caramel-room;Tante Rie;Losse thee;;;66;52;1;;;;;https://tanterie.nl/products/rooibos-caramel-room
rooibos-honing;Rooibos Honing;Tante Rie;Losse thee;;;59;38;1;;;;;https://tanterie.nl/products/rooibos-honing
rooibos-met-pit;Rooibos met Pit;Tante Rie;Losse thee;;;59;49;1;;;;;https://tanterie.nl/products/rooibos-met-pit
rooibos-naturel-bio;Rooibos Naturel BIO;Tante Rie;Losse thee;;;63;46;1;;;;;https://tanterie.nl/products/rooibos-naturel-bio
rooibos-sinaasappel;Rooibos Sinaasappel;Tante Rie;Losse thee;;;53;42;2;;;;;https://tanterie.nl/products/rooibos-sinaasappel
rooibos-vanille;Rooibos Vanille;Tante Rie;Losse thee;;;49;45;2;;;;;https://tanterie.nl/products/rooibos-vanille
rooibos-voor-de-open-haard;Rooibos voor de Open Haard;Tante Rie;Losse thee;;;59;48;2;;;;;https://tanterie.nl/products/rooibos-voor-de-open-haard
rozemarijn;Rozemarijn;Tante Rie;Losse thee;;;56;44;1;;;;;https://tanterie.nl/products/rozemarijn
rust;Rust;Tante Rie;Losse thee;;;68;38;1;;;;;https://tanterie.nl/products/rust
schort-even-bijkletsen-kitchen;Schort Even Bijkletsen Kitchen;Tante Rie;;ja;ja;;0;2;;ja;;;https://tanterie.nl/products/schort-even-bijkletsen-kitchen
sinaasappel-chai;Sinaasappel Chai;Tante Rie;Losse thee;;;66;66;2;;;;;https://tanterie.nl/products/sinaasappel-chai
sinas-gember;Sinas Gember;Tante Rie;Losse thee;;;63;63;2;;;;;https://tanterie.nl/products/sinas-gember
sinterklaasthee;Sinterklaasthee;Tante Rie;Losse thee;;;60;34;1;;;ja;;https://tanterie.nl/products/sinterklaasthee
slaap-lekker;Slaap Lekker;Tante Rie;Losse thee;;;65;67;2;;;;;https://tanterie.nl/products/slaap-lekker
spanjaards-thee;Spanjaards thee;Tante Rie;Losse thee;;;61;53;1;;;;;https://tanterie.nl/products/spanjaards-thee
speculaas-thee;Speculaas Thee;Tante Rie;Losse thee;;;49;48;1;;;;;https://tanterie.nl/products/speculaas-thee
sportieve-thee;Sportieve Thee;Tante Rie;Losse thee;;;65;46;1;;;;;https://tanterie.nl/products/sportieve-thee
sterke-vrouw;Sterke Vrouw;Tante Rie;Losse thee;;;64;67;2;;;;;https://tanterie.nl/products/sterke-vrouw
sterrennacht;Sterrennacht;Tante Rie;Losse thee;;;69;50;1;;;ja;;https://tanterie.nl/products/sterrennacht
stoere-mannenthee;Stoere Mannenthee;Tante Rie;Losse thee;;;62;54;1;;;;;https://tanterie.nl/products/stoere-mannenthee
taartje-in-een-theeglas;Taartje in een Theeglas;Tante Rie;Losse thee;;;70;46;1;;;;;https://tanterie.nl/products/taartje-in-een-theeglas
tante-rie-cadeaubon;Tante Rie Cadeaubon;Tante Rie;;ja;ja;;2;1;1;;ja;;https://tanterie.nl/products/tante-rie-cadeaubon
teeli-flip-s-theefilter;Teeli Flip S - Theefilter;Tante Rie;;;;69;51;1;;;;;https://tanterie.nl/products/teeli-flip-s-theefilter
teeli-flip-xs-theefilter;Teeli Flip XS - Theefilter;Tante Rie;;;;70;103;1;;;;;https://tanterie.nl/products/teeli-flip-xs-theefilter
thee-ei;Thee ei;Tante Rie;;ja;ja;;0;0;;;;;https://tanterie.nl/products/thee-ei
thee-ei-bij;Thee ei bij;Tante Rie;;ja;ja;;0;0;;;;;https://tanterie.nl/products/thee-ei-bij
thee-ei-kat;Thee ei kat;Tante Rie;;ja;ja;;0;0;;;;;https://tanterie.nl/products/thee-ei-kat
thee-filter-zonder-uitlekschaaltje;Thee filter zonder uitlekschaaltje;Tante Rie;;ja;ja;;0;0;;;;;https://tanterie.nl/products/thee-filter-zonder-uitlekschaaltje
thee-van-opa;Thee Van Opa;Tante Rie;Losse thee;;;63;43;1;;;;;https://tanterie.nl/products/thee-van-opa
thee-van-tante-annie;Morgenbloesem;Tante Rie;Losse thee;;;67;59;1;;;;;https://tanterie.nl/products/thee-van-tante-annie
thee-van-tante-ginie;Thee van Tante Ginie;Tante Rie;Losse thee;;;60;45;1;;;;;https://tanterie.nl/products/thee-van-tante-ginie
thee-van-tante-rie;Thee van Tante Rie;Tante Rie;Losse thee;;;70;51;1;;;;;https://tanterie.nl/products/thee-van-tante-rie
theezeef-met-uitlekschaaltje-rvs;Theezeef met uitlekschaaltje RVS;Tante Rie;;;;62;52;4;;;;;https://tanterie.nl/products/theezeef-met-uitlekschaaltje-rvs
theezeefje-rvs-met-uitlekschaaltje;Theezeefje RVS met uitlekschaaltje;Tante Rie;;;;64;54;3;;;;;https://tanterie.nl/products/theezeefje-rvs-met-uitlekschaaltje
vanille;Vanille;Tante Rie;Losse thee;;;58;43;1;;;;;https://tanterie.nl/products/vanille
vergeet-me-niet;Vergeet Me Niet;Tante Rie;Losse thee;;;71;52;1;;;;;https://tanterie.nl/products/vergeet-me-niet
voorraadpot-vierkant-16x20cm-sint-momenten;Voorraadpot vierkant 16x20cm Sint Momenten;Tante Rie;;ja;ja;;0;2;;ja;;;https://tanterie.nl/products/voorraadpot-vierkant-16x20cm-sint-momenten
vriendschap;Vriendschap;Tante Rie;Losse thee;;;62;46;1;;;;;https://tanterie.nl/products/vriendschap
wilde-kers;Wilde Kers;Tante Rie;Losse thee;;;63;40;1;;;;;https://tanterie.nl/products/wilde-kers
winterchai;Winterchai;Tante Rie;Losse thee;;;66;64;1;;;;;https://tanterie.nl/products/winterchai
wintersfeer;Wintersfeer;Tante Rie;Losse thee;;;62;67;1;;;;;https://tanterie.nl/products/wintersfeer
xl-beker-0-5l-halloween-toverdrank;XL Beker 0,5l Halloween Toverdrank;Tante Rie;;ja;ja;;0;2;;ja;;;https://tanterie.nl/products/xl-beker-0-5l-halloween-toverdrank
xl-beker-0-5l-sint-iconen;XL Beker 0,5l Sint Iconen;Tante Rie;;ja;ja;;0;2;;ja;;;https://tanterie.nl/products/xl-beker-0-5l-sint-iconen
zilver-thee-bewaarblik-100-gram-kopie;Zilver thee bewaarblik (50 gram);Tante Rie;;;;62;128;2;;;;ja;https://tanterie.nl/products/zilver-thee-bewaarblik-100-gram-kopie
zoethout;Zoethout;Tante Rie;Losse thee;;;64;55;1;;;;;https://tanterie.nl/products/zoethout
zonnetje-in-huis;Zonnetje In Huis;Tante Rie;Losse thee;;;69;40;1;;;;;https://tanterie.nl/products/zonnetje-in-huis
