product_id;producttitel;seo_titel;meta_description
11994355269896;Theeblik 100 gram Sara Miller Filigree;Theeblik Sara Miller Filigree 100 gram | Tante Rie;Vierkant theeblik uit de Filigree collectie van Sara Miller London. Past 100 gram losse thee in en sluit goed af, zodat je thee vers blijft.
11994355433736;Theeblik 100 gram Sara Miller Haveli - Paars;Theeblik Sara Miller Haveli Paars 100 gram | Tante Rie;Paars theeblik uit de Haveli collectie van Sara Miller London. Voor 100 gram losse thee, met een deksel die goed afsluit. Mooi in de keukenkast.
11994355597576;Theeblik 100 gram Sara Miller Chelsea - Roze;Theeblik Sara Miller Chelsea Roze 100 gram | Tante Rie;Roze theeblik uit de Chelsea collectie van Sara Miller London. Hier gaat 100 gram losse thee in en de deksel sluit goed, dus je thee blijft vers.
11994355826952;Theeblik 100 gram Sara Miller Green Birds;Theeblik Sara Miller Green Birds 100 gram | Tante Rie;Theeblik met groene vogels van Sara Miller London. Voor 100 gram losse thee, met een goed sluitende deksel. Ook leuk om cadeau te doen met thee erin.
11995546288392;Theeblik 100 gram Sanderson Chinoiserie Hall;Theeblik Sanderson Chinoiserie Hall 100 gram | Tante Rie;Vierkant theeblik uit de Chinoiserie Hall collectie van Sanderson. Past 100 gram losse thee in en sluit goed af, zodat de smaak bewaard blijft.
11996484862216;Rice Q;Rice melamine beker letter Q | Tante Rie;Melamine beker van Rice met de letter Q. Een letter die je niet vaak ziet, dus een leuk cadeau. Combineer letters tot een naam. Niet voor de magnetron.
12001254801672;Thee-ei - Hartvorm met uitlekschaaltje;Thee-ei hartvorm met uitlekschaaltje | Tante Rie;Thee-ei in de vorm van een hartje, met een schaaltje om hem op neer te leggen. Voor een kopje losse thee. Van Arelo, te koop bij Tante Rie in Borne.
12011873763592;Vierkante kom 170 ml;Bunzlau Castle vierkante kom 170 ml | Tante Rie;Vierkante kom van 170 ml van Bunzlau Castle, met de hand gestempeld in Polen. Er zijn 30 decors. Af te halen in onze winkel in Borne.
12012033016072;Theepot 2000 ml;Bunzlau Castle theepot 2000 ml | Tante Rie;Grote theepot van 2 liter van Bunzlau Castle. Handgemaakt Pools aardewerk dat de warmte goed vasthoudt. In 26 decors, af te halen in Borne.
12012046549256;Theetip Hart;Bunzlau Castle theetip hart | Tante Rie;Theetip in hartvorm van Bunzlau Castle, voor je natte theezakje of thee-ei. Met de hand gestempeld in Polen, in 43 decors. Af te halen in Borne.
12012053463304;Theelepel Hart;Bunzlau Castle theelepel hart | Tante Rie;Theelepel met een hartje van Bunzlau Castle. Handgemaakt Pools aardewerk, verkrijgbaar in 7 decors. Af te halen in onze winkel in Borne.
12012055265544;Theelepel;Bunzlau Castle theelepel | Tante Rie;Theelepel van Bunzlau Castle, met de hand gestempeld in Polen. Er zijn 41 decors, dus er past er altijd een bij je servies. Af te halen in Borne.
12015483715848;Rijstkom 300 ml;Bunzlau Castle rijstkom 300 ml | Tante Rie;Rijstkom van 300 ml van Bunzlau Castle, handgemaakt Pools aardewerk. Voor rijst, soep of een toetje. In 44 decors, af te halen in Borne.
12015600861448;Rijstkom 500 ml;Bunzlau Castle rijstkom 500 ml | Tante Rie;Rijstkom van 500 ml van Bunzlau Castle, met de hand gestempeld in Polen. Groot genoeg voor een maaltijd. In 43 decors, af te halen in Borne.
12015888007432;Ovenschaal Vierkant 3200 ml;Bunzlau Castle ovenschaal vierkant 3200 ml | Tante Rie;Vierkante ovenschaal van 3,2 liter van Bunzlau Castle. Handgemaakt Pools aardewerk dat de oven in kan. In 15 decors, af te halen in Borne.
12015679406344;Theemuts Streep;Bunzlau Castle theemuts streep | Tante Rie;Theemuts met strepen van Bunzlau Castle. Zet hem over je theepot en je thee blijft veel langer warm. Te koop bij Tante Rie in Borne.
12015680225544;Theemuts Ruit;Bunzlau Castle theemuts ruit | Tante Rie;Geruite theemuts van Bunzlau Castle. Over de theepot en je grote pot thee blijft lang warm. Te koop bij Tante Rie in Borne.
12017686184200;Melamine Bord Wild Flowers Ø: 25 cm;Bunzlau melamine bord Wild Flowers 25 cm | Tante Rie;Melamine bord van 25 cm met het decor Wild Flowers van Bunzlau Castle. Licht en stevig, fijn voor de camping, de picknick of op de boot.
12017690444040;Melamine Bord Dragonfly Garden Ø: 25 cm;Bunzlau melamine bord Dragonfly Garden 25 cm | Tante Rie;Melamine bord van 25 cm met het decor Dragonfly Garden van Bunzlau Castle. Licht en stevig, voor de camping, een picknick of op de boot.
12017690476808;Melamine Bord Fleur Fountain Ø: 25 cm;Bunzlau melamine bord Fleur Fountain 25 cm | Tante Rie;Melamine bord van 25 cm met het decor Fleur Fountain van Bunzlau Castle. Het Bunzlau blauw, maar dan licht en stevig voor buiten.
12017716461832;Melamine Bord Blooming Ø: 25 cm;Bunzlau melamine bord Blooming 25 cm | Tante Rie;Melamine bord van 25 cm met het decor Blooming van Bunzlau Castle. Licht en stevig, dus fijn op de camping, bij een picknick of op de boot.
12017746805000;Witte wijnglas Bubble 350 ml;Bunzlau Castle witte wijnglas Bubble 350 ml | Tante Rie;Witte wijnglas Bubble van 350 ml van Bunzlau Castle. Mooi naast je Bunzlau servies bij een etentje met familie of vrienden. Bij Tante Rie in Borne.
12017747296520;Waterglas Bubble 300 ml;Bunzlau Castle waterglas Bubble 300 ml | Tante Rie;Waterglas Bubble van 300 ml van Bunzlau Castle. Voor water, sap of ijsthee, en mooi naast je Bunzlau servies. Te koop bij Tante Rie in Borne.
12017767252232;Rode wijnglas Bubble 460 ml;Bunzlau Castle rode wijnglas Bubble 460 ml | Tante Rie;Rode wijnglas Bubble van 460 ml van Bunzlau Castle. Een ruim glas voor een goede rode wijn aan tafel. Te koop bij Tante Rie in Borne.
12013846823176;Pineut Cake | Pouchbag | Lemon Poppy Cake;Pineut Lemon Poppy Cake bakmix | Tante Rie;Bakmix van Pineut voor een luchtige citroencake met maanzaad. Gemaakt met hoogwaardige ingrediënten. Te koop bij Tante Rie in Borne.
12013854654728;Pineut Cake | Jar | Passionfruit Martini Cake;Pineut Passionfruit Martini Cake bakmix | Tante Rie;Bakmix van Pineut voor een friszoete cake met passievrucht, geïnspireerd op de cocktail. In een pot, dus ook leuk om cadeau te geven.
12038837764360;CONGRATULATIONS PARTY;Blond Amsterdam beker Congratulations Party | Tante Rie;XL beker van 0,5 liter van Blond Amsterdam met teksten als Happy Hour en Let's Party. Voor wie wel van een feestje houdt. Af te halen in Borne.
12038838026504;MISS CREATIVITY;Blond Amsterdam XL beker Miss Creativity | Tante Rie;XL beker van Blond Amsterdam voor wie graag knutselt, schildert of iets maakt. Vrolijk geïllustreerd en groot genoeg voor een flinke kop thee.
12038838321416;BEST FRIEND;Blond Amsterdam XL beker Best Friend | Tante Rie;XL beker van Blond Amsterdam voor je beste vriendin, met teksten als You're my cup of tea en We belong together. Af te halen in Borne.
12038839271688;GAME ON;Blond Amsterdam mazagran Game On | Tante Rie;Mazagran van Blond Amsterdam voor wie van spelletjes houdt, met Scrabble en andere klassiekers erop. Warm drankje erin en spelen maar.
12039138509064;ED: BORD 18 CM TOMPOUCE;Blond Amsterdam bordje 18 cm tompouce | Tante Rie;Ontbijt- en gebaksbordje van 18 cm uit de Everyday collectie van Blond Amsterdam, met een tompouce erop. Voor een stukje taart bij de thee.
12039138803976;COZY DAYS: LIGHT HOUSE STEPPED GABLE COZY;Blond Amsterdam lichthuisje trapgevel Cozy | Tante Rie;Lichthuisje met trapgevel van Blond Amsterdam, met getekende huiselijke tafereeltjes. Met een lichtje erin wordt het meteen gezellig binnen.
12039798096136;MAMA;Blond Amsterdam XL beker Mama | Tante Rie;XL beker Mama van Blond Amsterdam, voor moeder, bonusmoeder, oma of oppas. Kleurrijk getekend, met Thanks for helping me grow. Af te halen in Borne.
12039798882568;THE MAN;Blond Amsterdam XL beker The Man | Tante Rie;XL beker van Blond Amsterdam voor de man die van sport, de bbq en gadgets houdt. Voor vader, bonuspapa, opa of buurman. Af te halen in Borne.
12039801569544;I DO;Blond Amsterdam mazagran I Do | Tante Rie;Mazagran van 0,5 liter van Blond Amsterdam met ringen, bloemen en taart. Een leuk cadeau voor een bruiloft, verloving of jubileum.
12039806091528;MISS BRAINS;Blond Amsterdam XL beker Miss Brains | Tante Rie;XL beker van Blond Amsterdam voor wie geslaagd is of iets knaps heeft gedaan, met een avocado en een rubiks kubus erop. Af te halen in Borne.
12053405663496;Tijd voor thee - Gefeliciteerd;Tijd voor thee Gefeliciteerd theecadeau | Tante Rie;Koker met een houten theelepeltje en een zakje losse thee, met de wens gefeliciteerd. Een klein cadeau voor een verjaardag of een ander feestje.
12053410611464;Tijd voor thee - veel liefs;Tijd voor thee Veel liefs theecadeau | Tante Rie;Koker met een houten theelepeltje en een zakje losse thee, met de wens veel liefs. Een lief klein cadeautje voor iemand die je wilt verrassen.
12053415887112;Tijd voor thee - Dankjewel;Tijd voor thee Dankjewel theecadeau | Tante Rie;Koker met een houten theelepeltje en een zakje losse thee, met de tekst dankjewel. Een klein bedankje voor de juf, buurvrouw of collega.
12053421981960;Tijd voor thee - lieve zus;Tijd voor thee Lieve zus theecadeau | Tante Rie;Koker met een houten theelepeltje en een zakje losse thee, met de wens voor mijn lieve zus. Een klein cadeau om even aan haar te denken.
12053426602248;Tijd voor thee - nieuw huis;Tijd voor thee Nieuw huis theecadeau | Tante Rie;Koker met een houten theelepeltje en losse thee, met de wens dat het nieuwe huis een heerlijk thuis mag zijn. Leuk voor een housewarming.
12053430599944;Tijd voor thee - Bedankt;Tijd voor thee Bedankt theecadeau | Tante Rie;Koker met een houten theelepeltje en een zakje losse thee, met de tekst bedankt. Een klein en persoonlijk bedankje met thee erin.
12053432893704;Tijd voor thee - jij bent goud waard;Tijd voor thee Jij bent goud waard theecadeau | Tante Rie;Koker met een houten theelepeltje en een zakje losse thee, met de tekst jij bent goud waard. Voor iemand die altijd voor je klaarstaat.
12053522612488;Theelepel bolvorm;Theelepel bolvorm | Tante Rie;Theelepel met een ronde bol aan het uiteinde. Handig om je thee mee te roeren terwijl hij trekt. Ook leuk als klein cadeautje bij een zakje thee.
12053533491464;Autoparfum - koning van de snelweg;Autoparfum Koning van de snelweg | Tante Rie;Geurtablet in een zwarte houder, die je met een magneet aan het ventilatierooster van je auto klikt. In een cadeaudoosje voor de koning van de snelweg.
12053621145864;Geurstokje - Gefeliciteerd;Geurstokjes Gefeliciteerd 200 ml | Tante Rie;Geurolie van 200 ml met houten stokjes en een houten hartje, voor een fijne geur in huis. Met de boodschap gefeliciteerd, dus een leuk cadeau.
12053639594248;Geurstokje - Voor jou;Geurstokjes Voor jou 200 ml | Tante Rie;Geurolie van 200 ml met houten stokjes en een houten hartje, voor een fijne geur in huis. Met de boodschap voor jou. Te koop bij Tante Rie.
12053673214216;Thee en een mooi gesprek - hoera;Thee en een mooi gesprek Hoera | Tante Rie;Voorraadpotje met houten lepeltje, thee-ei, een zakje losse thee en 25 vraagkaartjes voor een goed gesprek bij de thee. Met de boodschap hoera.
12053677736200;Thee en een mooi gesprek - warme groet;Thee en een mooi gesprek Warme groet | Tante Rie;Voorraadpotje met houten lepeltje, thee-ei, losse thee en 25 vraagkaartjes voor een goed gesprek bij een kopje thee. Met een warme groet.
